Modelo,RMSE,MSE,MAPE
Linear Regression,227.54181044396412,51775.2755001169,8100305734026.228
Random Forest,226.7119152496688,51398.292516173016,135153781835459.58
Gradient Boosting,257.5216495286656,66317.39997596486,110209803932577.55
